Title; Link; Description
Base UR Sousse.csv;http://www.eniso.rnu.tn/files/ListeEntreprises(1).pdf;
Unit Selection Algorithm Using Bi-grams Model For Corpus ...;https://www.idc-online.com/technical_references/pdfs/information_technology/Unit%20Selection.pdf;
(PPT) Logiciels malveillants | Papy Laurent Fondjo;https://www.academia.edu/34637873/Logiciels_malveillants;
(PDF) Embedded Emotion Recognition System Based on ...;https://www.researchgate.net/publication/327196869_Embedded_Emotion_Recognition_System_Based_on_Electrocardiogram_Attributes;
بلا عنوان;https://www.shadan-nissei.or.jp/admin/anlog/loc.cgi?loc=https://991764616nov22.%D0%B8%D0%BD%D1%82%D0%B5%D0%BA%D0%BB%D0%B0%D0%B1.%D1%80%D1%84;
83;https://japancar.ru/?wptouch_switch=desktop&redirect=http://092419111nov98.%D1%80%D1%8B%D0%BD%D0%BE%D0%BA%D0%BD%D0%B0%D0%BB%D0%B0%D0%B4%D0%BE%D0%BD%D0%B8.%D1%80%D1%84;
بلا عنوان;https://www.tustex.com/distpub/www/delivery/ck.php?oaparams=2__bannerid=642__zoneid=0__source=_parent__cb=87dd9ddefe__oadest=http%3A%2F%2F018517316nov22.%D1%8D%D0%B2%D0%B0%D0%BA%D1%83%D0%B0%D1%820%D1%80%D0%BF%D0%BB%D1%8E%D1%81-02.%D1%80%D1%84;
3 Multidisciplinary International Conference on Scheduling;https://www.utc.fr/~ajouglet/dokuwiki/_media/fr/actes.pdf;
GRES 2006;https://www.labri.fr/manifestation/gres2006/ActesGRES2006_final.pdf;
Sixth Workshop and Tutorial on Practical Use of Coloured ...;https://pure.au.dk/ws/files/20319287/Full_text;
39 - 武汉婚纱摄影 - 得意生活;https://jiehun.deyi.com/go.php?url=http://053865431oc22.%D1%80%D1%8B%D0%BD%D0%BE%D0%BA%D0%BD%D0%B0%D0%BB%D0%B0%D0%B4%D0%BE%D0%BD%D0%B8.%D1%80%D1%84;
